{
  "GreenType": [
    "GreenWall",
    "GreenRoof",
    "StreetTree",
    "UrbanPark"
  ],
  "UrbanChallenge": [
    "TempMax",
    "TempMin",
    "Pm10",
    "Pm2",
    "Fairness"
  ],
  "SizeK": {
    "TempMax": {
      "GreenWall": {
        "r": 5,
        "c": 5
      },
      "GreenRoof": {
        "r": 5,
        "c": 5
      },
      "StreetTree": {
        "r": 5,
        "c": 5
      },
      "UrbanPark": {
        "r": 5,
        "c": 5
      }
    },
    "TempMin": {
      "GreenWall": {
        "r": 3,
        "c": 3
      },
      "GreenRoof": {
        "r": 3,
        "c": 3
      },
      "StreetTree": {
        "r": 3,
        "c": 3
      },
      "UrbanPark": {
        "r": 3,
        "c": 3
      }
    },
    "Pm10": {
      "GreenWall": {
        "r": 5,
        "c": 5
      },
      "GreenRoof": {
        "r": 5,
        "c": 5
      },
      "StreetTree": {
        "r": 3,
        "c": 3
      },
      "UrbanPark": {
        "r": 7,
        "c": 7
      }
    },
    "Pm2": {
      "GreenWall": {
        "r": 5,
        "c": 5
      },
      "GreenRoof": {
        "r": 5,
        "c": 5
      },
      "StreetTree": {
        "r": 3,
        "c": 3
      },
      "UrbanPark": {
        "r": 7,
        "c": 7
      }
    },
    "Fairness": {
      "GreenWall": {
        "r": 5,
        "c": 5
      },
      "GreenRoof": {
        "r": 3,
        "c": 3
      },
      "StreetTree": {
        "r": 3,
        "c": 3
      },
      "UrbanPark": {
        "r": 11,
        "c": 11
      }
    }
  },
  "K": {
    "TempMax": {
      "GreenWall": [
        0.10000000000000009,
        0.10000000000000009,
        0.10000000000000009,
        0.10000000000000009,
        0.10000000000000009,
        0.10000000000000009,
        1.4000000000000001,
        1.4000000000000001,
        1.4000000000000001,
        0.10000000000000009,
        0.10000000000000009,
        1.4000000000000001,
        2.7,
        1.4000000000000001,
        0.10000000000000009,
        0.10000000000000009,
        1.4000000000000001,
        1.4000000000000001,
        1.4000000000000001,
        0.10000000000000009,
        0.10000000000000009,
        0.10000000000000009,
        0.10000000000000009,
        0.10000000000000009,
        0.10000000000000009
      ],
      "GreenRoof": [
        0.10000000000000009,
        0.10000000000000009,
        0.10000000000000009,
        0.10000000000000009,
        0.10000000000000009,
        0.10000000000000009,
        1.05,
        1.05,
        1.05,
        0.10000000000000009,
        0.10000000000000009,
        1.05,
        2.0,
        1.05,
        0.10000000000000009,
        0.10000000000000009,
        1.05,
        1.05,
        1.05,
        0.10000000000000009,
        0.10000000000000009,
        0.10000000000000009,
        0.10000000000000009,
        0.10000000000000009,
        0.10000000000000009
      ],
      "StreetTree": [
        0.10000000000000009,
        0.10000000000000009,
        0.10000000000000009,
        0.10000000000000009,
        0.10000000000000009,
        0.10000000000000009,
        0.7000000000000001,
        0.7000000000000001,
        0.7000000000000001,
        0.10000000000000009,
        0.10000000000000009,
        0.7000000000000001,
        1.3,
        0.7000000000000001,
        0.10000000000000009,
        0.10000000000000009,
        0.7000000000000001,
        0.7000000000000001,
        0.7000000000000001,
        0.10000000000000009,
        0.10000000000000009,
        0.10000000000000009,
        0.10000000000000009,
        0.10000000000000009,
        0.10000000000000009
      ],
      "UrbanPark": [
        0.10000000000000009,
        0.10000000000000009,
        0.10000000000000009,
        0.10000000000000009,
        0.10000000000000009,
        0.10000000000000009,
        1.8,
        1.8,
        1.8,
        0.10000000000000009,
        0.10000000000000009,
        1.8,
        3.5,
        1.8,
        0.10000000000000009,
        0.10000000000000009,
        1.8,
        1.8,
        1.8,
        0.10000000000000009,
        0.10000000000000009,
        0.10000000000000009,
        0.10000000000000009,
        0.10000000000000009,
        0.10000000000000009
      ]
    },
    "TempMin": {
      "GreenWall": [
        0.10000000000000009,
        0.10000000000000009,
        0.10000000000000009,
        0.10000000000000009,
        1.9,
        0.10000000000000009,
        0.10000000000000009,
        0.10000000000000009,
        0.10000000000000009
      ],
      "GreenRoof": [
        0.10000000000000009,
        0.10000000000000009,
        0.10000000000000009,
        0.10000000000000009,
        1.4,
        0.10000000000000009,
        0.10000000000000009,
        0.10000000000000009,
        0.10000000000000009
      ],
      "StreetTree": [
        0.09999999999999998,
        0.09999999999999998,
        0.09999999999999998,
        0.09999999999999998,
        0.7,
        0.09999999999999998,
        0.09999999999999998,
        0.09999999999999998,
        0.09999999999999998
      ],
      "UrbanPark": [
        0.10000000000000009,
        0.10000000000000009,
        0.10000000000000009,
        0.10000000000000009,
        2.5,
        0.10000000000000009,
        0.10000000000000009,
        0.10000000000000009,
        0.10000000000000009
      ]
    },
    "Pm10": {
      "GreenWall": [
        0.009999999999999787,
        0.009999999999999787,
        0.009999999999999787,
        0.009999999999999787,
        0.009999999999999787,
        0.009999999999999787,
        6.455,
        6.455,
        6.455,
        0.009999999999999787,
        0.009999999999999787,
        6.455,
        12.9,
        6.455,
        0.009999999999999787,
        0.009999999999999787,
        6.455,
        6.455,
        6.455,
        0.009999999999999787,
        0.009999999999999787,
        0.009999999999999787,
        0.009999999999999787,
        0.009999999999999787,
        0.009999999999999787
      ],
      "GreenRoof": [
        0.009999999999999787,
        0.009999999999999787,
        0.009999999999999787,
        0.009999999999999787,
        0.009999999999999787,
        0.009999999999999787,
        3.23,
        3.23,
        3.23,
        0.009999999999999787,
        0.009999999999999787,
        3.23,
        6.45,
        3.23,
        0.009999999999999787,
        0.009999999999999787,
        3.23,
        3.23,
        3.23,
        0.009999999999999787,
        0.009999999999999787,
        0.009999999999999787,
        0.009999999999999787,
        0.009999999999999787,
        0.009999999999999787
      ],
      "StreetTree": [
        0.009999999999999787,
        0.009999999999999787,
        0.009999999999999787,
        0.009999999999999787,
        10.32,
        0.009999999999999787,
        0.009999999999999787,
        0.009999999999999787,
        0.009999999999999787
      ],